Campaign_ID,Channel,Budget,Spend,Impressions,Clicks,Conversions,Start_Date,End_Date
CAMP_1,Email,6824,4828.0,388389,17049,924,2024-01-01,2024-01-07
CAMP_1,Google,17066,12470.95,876646,72482,1434,2024-01-08,2024-01-14
CAMP_1,Email,11912,8451.98,198246,8164,486,2024-01-15,2024-01-21
CAMP_1,Email,14863,10522.42,308496,24462,4474,2024-01-22,2024-01-28
CAMP_1,Social,8611,7188.14,391704,1425,91,2024-01-29,2024-02-04
CAMP_1,Email,11924,9563.94,263032,8055,1573,2024-02-05,2024-02-11
CAMP_1,Social,6674,4857.5,201414,12763,1418,2024-02-12,2024-02-18
CAMP_1,Email,9333,8792.98,865179,61217,8795,2024-02-19,2024-02-25
CAMP_1,Google,11201,8105.49,407419,24700,4739,2024-02-26,2024-03-03
CAMP_1,Google,16543,11925.3,793384,30871,2380,2024-03-04,2024-03-10
CAMP_2,Google,19013,14636.92,205907,13455,1148,2024-01-01,2024-01-07
CAMP_2,Social,15415,14647.84,270555,13130,1465,2024-01-08,2024-01-14
CAMP_2,Google,15980,12465.89,816751,10358,710,2024-01-15,2024-01-21
CAMP_2,Email,16946,13106.77,584714,25867,2221,2024-01-22,2024-01-28
CAMP_2,Email,16274,14110.94,817870,43504,926,2024-01-29,2024-02-04
CAMP_2,Google,18464,13102.61,430776,27290,2203,2024-02-05,2024-02-11
CAMP_2,Google,8456,8235.64,694731,42245,3493,2024-02-12,2024-02-18
CAMP_2,Email,13179,10789.51,774079,61142,2350,2024-02-19,2024-02-25
CAMP_2,Social,7287,5640.05,688637,35438,6129,2024-02-26,2024-03-03
CAMP_2,Email,12019,11650.58,518801,24723,1806,2024-03-04,2024-03-10
CAMP_3,Google,13348,11319.83,892495,7175,234,2024-01-01,2024-01-07
CAMP_3,Google,15280,11429.36,813536,56333,9781,2024-01-08,2024-01-14
CAMP_3,Google,11304,9206.95,590785,35676,2069,2024-01-15,2024-01-21
CAMP_3,Email,19103,18773.08,813328,16014,2802,2024-01-22,2024-01-28
CAMP_3,Email,17302,13496.38,772097,45587,1837,2024-01-29,2024-02-04
CAMP_3,Social,12123,9061.3,103402,5315,1035,2024-02-05,2024-02-11
CAMP_3,Google,13317,12967.94,755674,40117,6904,2024-02-12,2024-02-18
CAMP_3,Email,13317,11754.8,260263,13252,671,2024-02-19,2024-02-25
CAMP_3,Email,17757,17343.8,100599,6310,1010,2024-02-26,2024-03-03
CAMP_3,Google,6832,6686.68,972064,41306,3933,2024-03-04,2024-03-10
CAMP_4,Google,8946,8618.6,182582,3806,759,2024-01-01,2024-01-07
CAMP_4,Social,18369,13239.71,897549,70822,12557,2024-01-08,2024-01-14
CAMP_4,Google,7103,6377.96,676510,22643,2181,2024-01-15,2024-01-21
CAMP_4,Email,19293,17016.0,322086,31438,4427,2024-01-22,2024-01-28
CAMP_4,Email,16302,12395.15,426858,27148,5333,2024-01-29,2024-02-04
CAMP_4,Social,12177,11810.28,573417,8930,517,2024-02-05,2024-02-11
CAMP_4,Google,6049,4847.82,716886,31161,4830,2024-02-12,2024-02-18
CAMP_4,Google,5117,3690.88,761759,8716,478,2024-02-19,2024-02-25
CAMP_4,Google,19834,14070.71,446479,5643,1062,2024-02-26,2024-03-03
CAMP_4,Google,9562,8612.43,324643,18669,551,2024-03-04,2024-03-10
CAMP_5,Email,19456,16952.26,595631,16925,3223,2024-01-01,2024-01-07
CAMP_5,Social,18230,14987.21,198907,4176,684,2024-01-08,2024-01-14
CAMP_5,Social,10804,8935.7,589710,57612,897,2024-01-15,2024-01-21
CAMP_5,Email,15706,15631.39,203198,2986,422,2024-01-22,2024-01-28
CAMP_5,Email,10559,9927.34,214576,9147,402,2024-01-29,2024-02-04
CAMP_5,Google,13786,11505.58,542374,13025,1150,2024-02-05,2024-02-11
CAMP_5,Social,9092,8749.65,179046,15520,2264,2024-02-12,2024-02-18
CAMP_5,Google,5828,5219.81,666847,2934,105,2024-02-19,2024-02-25
CAMP_5,Google,7724,6348.54,604740,15008,1652,2024-02-26,2024-03-03
CAMP_5,Google,7697,6262.99,509386,18380,3221,2024-03-04,2024-03-10
CAMP_6,Social,9673,7998.63,865990,73845,10854,2024-01-01,2024-01-07
CAMP_6,Email,12973,9683.55,411120,15267,249,2024-01-08,2024-01-14
CAMP_6,Email,17054,14711.78,884309,42104,946,2024-01-15,2024-01-21
CAMP_6,Google,14571,12283.89,994141,70615,2589,2024-01-22,2024-01-28
CAMP_6,Google,13320,9644.13,294851,3245,619,2024-01-29,2024-02-04
CAMP_6,Google,16062,15396.16,523389,8856,1176,2024-02-05,2024-02-11
CAMP_6,Google,14485,12722.98,749468,11745,1727,2024-02-12,2024-02-18
CAMP_6,Email,14562,12662.65,431737,18089,846,2024-02-19,2024-02-25
CAMP_6,Email,16734,13291.07,378517,26938,1082,2024-02-26,2024-03-03
CAMP_6,Email,15575,12304.24,431535,5754,29,2024-03-04,2024-03-10
CAMP_7,Social,15177,15169.96,204837,3400,560,2024-01-01,2024-01-07
CAMP_7,Google,13288,10358.79,465962,5508,510,2024-01-08,2024-01-14
CAMP_7,Social,9669,7225.88,974244,72200,11536,2024-01-15,2024-01-21
CAMP_7,Social,15021,14948.24,946305,86717,17342,2024-01-22,2024-01-28
CAMP_7,Google,15942,15067.28,413921,7788,285,2024-01-29,2024-02-04
CAMP_7,Social,6891,6663.0,878480,73512,2556,2024-02-05,2024-02-11
CAMP_7,Social,9616,8476.01,852470,45942,3345,2024-02-12,2024-02-18
CAMP_7,Email,15391,14711.85,629959,33016,2067,2024-02-19,2024-02-25
CAMP_7,Google,6512,5797.54,969634,37265,371,2024-02-26,2024-03-03
CAMP_7,Google,10464,9745.5,768061,35335,1333,2024-03-04,2024-03-10
CAMP_8,Email,12239,10592.91,548462,37759,89,2024-01-01,2024-01-07
CAMP_8,Google,6232,6129.27,824586,20536,305,2024-01-08,2024-01-14
CAMP_8,Social,14543,12590.71,550664,9352,95,2024-01-15,2024-01-21
CAMP_8,Social,10974,10641.43,934794,6229,742,2024-01-22,2024-01-28
CAMP_8,Google,16174,12532.57,207786,12589,2303,2024-01-29,2024-02-04
CAMP_8,Social,15168,14028.02,348237,11649,735,2024-02-05,2024-02-11
CAMP_8,Social,5406,4075.09,448321,27982,5497,2024-02-12,2024-02-18
CAMP_8,Email,18283,14159.27,266931,23979,895,2024-02-19,2024-02-25
CAMP_8,Social,19289,13726.39,593554,15577,827,2024-02-26,2024-03-03
CAMP_8,Social,10728,8491.83,933980,30831,1836,2024-03-04,2024-03-10
CAMP_9,Google,15813,11985.29,444207,19258,3550,2024-01-01,2024-01-07
CAMP_9,Google,17670,13848.64,772642,67768,6558,2024-01-08,2024-01-14
CAMP_9,Email,18822,16203.2,128941,2889,277,2024-01-15,2024-01-21
CAMP_9,Google,14512,14348.89,378361,3507,121,2024-01-22,2024-01-28
CAMP_9,Email,12119,9740.11,924629,42114,7159,2024-01-29,2024-02-04
CAMP_9,Email,13379,9829.47,704596,25914,2096,2024-02-05,2024-02-11
CAMP_9,Google,16612,13801.54,645175,61658,8831,2024-02-12,2024-02-18
CAMP_9,Email,16787,16486.16,872840,26825,2993,2024-02-19,2024-02-25
CAMP_9,Social,6146,6051.73,446239,41839,5153,2024-02-26,2024-03-03
CAMP_9,Email,18893,13931.46,414910,34234,2543,2024-03-04,2024-03-10
CAMP_10,Email,11691,9327.72,831076,39752,4551,2024-01-01,2024-01-07
CAMP_10,Google,8143,6727.21,497562,45388,2861,2024-01-08,2024-01-14
CAMP_10,Email,14324,11320.04,674553,1053,87,2024-01-15,2024-01-21
CAMP_10,Social,8443,6998.96,708158,43237,7628,2024-01-22,2024-01-28
CAMP_10,Social,12244,11052.51,636004,32010,6038,2024-01-29,2024-02-04
CAMP_10,Google,15794,11457.58,640490,44506,5501,2024-02-05,2024-02-11
CAMP_10,Google,18409,18143.91,346277,21343,1850,2024-02-12,2024-02-18
CAMP_10,Google,7414,5244.13,356736,32138,5017,2024-02-19,2024-02-25
CAMP_10,Google,12461,10272.0,760356,26485,3155,2024-02-26,2024-03-03
CAMP_10,Social,11547,8928.09,787926,1726,64,2024-03-04,2024-03-10
CAMP_11,Social,8585,6462.5,829716,68889,7621,2024-01-01,2024-01-07
CAMP_11,Google,14132,10948.9,989545,16906,1879,2024-01-08,2024-01-14
CAMP_11,Google,18130,15218.19,656932,37629,4887,2024-01-15,2024-01-21
CAMP_11,Social,17374,16808.09,742412,67162,7001,2024-01-22,2024-01-28
CAMP_11,Email,12305,11925.54,879779,63216,7383,2024-01-29,2024-02-04
CAMP_11,Social,17317,13406.34,768636,37347,6283,2024-02-05,2024-02-11
CAMP_11,Email,12939,11490.15,387936,29827,644,2024-02-12,2024-02-18
CAMP_11,Email,9681,7457.74,452161,21952,670,2024-02-19,2024-02-25
CAMP_11,Google,7471,5748.03,827659,21028,1762,2024-02-26,2024-03-03
CAMP_11,Google,11797,9700.43,668969,62069,6822,2024-03-04,2024-03-10
CAMP_12,Google,8388,7967.49,508396,39278,7760,2024-01-01,2024-01-07
CAMP_12,Email,5320,5091.34,902784,76456,6242,2024-01-08,2024-01-14
CAMP_12,Social,5096,5008.46,413118,26558,3442,2024-01-15,2024-01-21
CAMP_12,Email,17247,15873.97,938722,80069,14719,2024-01-22,2024-01-28
CAMP_12,Google,12999,9954.98,557007,32827,247,2024-01-29,2024-02-04
CAMP_12,Social,10507,9463.26,936912,53994,2714,2024-02-05,2024-02-11
CAMP_12,Social,7091,7049.99,660069,2767,413,2024-02-12,2024-02-18
CAMP_12,Email,14246,12805.73,188025,15044,565,2024-02-19,2024-02-25
CAMP_12,Social,7977,5704.24,497519,22453,1743,2024-02-26,2024-03-03
CAMP_12,Social,10355,8296.95,497542,19235,3090,2024-03-04,2024-03-10
CAMP_13,Social,9133,8680.67,593152,2270,393,2024-01-01,2024-01-07
CAMP_13,Email,5853,5852.84,466960,15694,2672,2024-01-08,2024-01-14
CAMP_13,Google,17799,17570.92,142213,13357,137,2024-01-15,2024-01-21
CAMP_13,Google,8266,7867.32,751517,20973,1964,2024-01-22,2024-01-28
CAMP_13,Google,12758,11492.89,691364,29569,3819,2024-01-29,2024-02-04
CAMP_13,Email,9198,8554.78,275939,20853,948,2024-02-05,2024-02-11
CAMP_13,Google,10096,7394.61,126925,6111,1189,2024-02-12,2024-02-18
CAMP_13,Email,19877,19627.58,515922,47859,3259,2024-02-19,2024-02-25
CAMP_13,Google,14700,13335.61,757711,32830,844,2024-02-26,2024-03-03
CAMP_13,Email,17656,13956.62,817497,79697,13207,2024-03-04,2024-03-10
CAMP_14,Google,18045,17957.54,920652,6383,721,2024-01-01,2024-01-07
CAMP_14,Email,12018,10797.65,172306,9289,1336,2024-01-08,2024-01-14
CAMP_14,Social,5207,4972.02,962276,65251,1739,2024-01-15,2024-01-21
CAMP_14,Social,10934,9738.65,968962,61258,11598,2024-01-22,2024-01-28
CAMP_14,Google,12135,9135.73,647091,64273,10667,2024-01-29,2024-02-04
CAMP_14,Social,15091,14222.66,664315,51766,7931,2024-02-05,2024-02-11
CAMP_14,Social,12136,19543.41071316906,721254,36179,2650,2024-02-12,2024-02-18
CAMP_14,Google,18610,18244.99,392477,30543,2007,2024-02-19,2024-02-25
CAMP_14,Social,14336,12660.11,497399,23046,245,2024-02-26,2024-03-03
CAMP_14,Social,18942,15106.33,611233,14901,1463,2024-03-04,2024-03-10
CAMP_15,Social,10576,8290.5,725113,37211,4563,2024-01-01,2024-01-07
CAMP_15,Google,13464,13254.21,189771,8908,1484,2024-01-08,2024-01-14
CAMP_15,Social,13004,11268.65,351997,32201,5301,2024-01-15,2024-01-21
CAMP_15,Email,13041,10882.09,118080,2524,160,2024-01-22,2024-01-28
CAMP_15,Google,11625,10550.11,421080,39112,3033,2024-01-29,2024-02-04
CAMP_15,Social,14068,12088.3,546173,49885,9027,2024-02-05,2024-02-11
CAMP_15,Social,10764,9804.46,384076,21094,2069,2024-02-12,2024-02-18
CAMP_15,Google,6976,6392.7,430876,8835,1531,2024-02-19,2024-02-25
CAMP_15,Email,17487,15861.57,300845,8090,1522,2024-02-26,2024-03-03
CAMP_15,Social,9530,8742.59,897135,69765,9787,2024-03-04,2024-03-10
CAMP_16,Social,6647,6313.24,410636,15908,1488,2024-01-01,2024-01-07
CAMP_16,Google,9952,7008.64,660081,9295,571,2024-01-08,2024-01-14
CAMP_16,Google,5893,5103.38,831295,17551,2622,2024-01-15,2024-01-21
CAMP_16,Social,6680,6424.93,701949,38268,3855,2024-01-22,2024-01-28
CAMP_16,Social,12216,9799.82,153872,5136,973,2024-01-29,2024-02-04
CAMP_16,Social,6869,6502.43,520172,33227,616,2024-02-05,2024-02-11
CAMP_16,Email,15312,13871.68,259097,5888,1162,2024-02-12,2024-02-18
CAMP_16,Social,6395,6383.33,224205,19286,3141,2024-02-19,2024-02-25
CAMP_16,Social,14933,13123.69,748458,30581,4290,2024-02-26,2024-03-03
CAMP_16,Social,12381,12041.16,411797,39569,3522,2024-03-04,2024-03-10
CAMP_17,Social,14316,12688.39,739244,14006,861,2024-01-01,2024-01-07
CAMP_17,Email,8457,6591.33,185131,6146,501,2024-01-08,2024-01-14
CAMP_17,Google,14043,10146.34,102805,7693,932,2024-01-15,2024-01-21
CAMP_17,Email,14729,12386.7,134225,4792,305,2024-01-22,2024-01-28
CAMP_17,Email,9632,8773.75,576086,5664,488,2024-01-29,2024-02-04
CAMP_17,Social,17907,16785.56,718439,26928,3492,2024-02-05,2024-02-11
CAMP_17,Google,13922,10684.34,256226,9704,1702,2024-02-12,2024-02-18
CAMP_17,Google,6169,4428.67,931131,41319,4738,2024-02-19,2024-02-25
CAMP_17,Social,7037,5915.37,418862,27378,2240,2024-02-26,2024-03-03
CAMP_17,Email,13847,11744.17,184349,2306,231,2024-03-04,2024-03-10
CAMP_18,Email,10280,9057.85,127121,2496,127,2024-01-01,2024-01-07
CAMP_18,Email,18696,17913.67,715643,3719,698,2024-01-08,2024-01-14
CAMP_18,Social,14441,10283.0,893005,23962,3864,2024-01-15,2024-01-21
CAMP_18,Email,15674,13051.25,391668,12894,2407,2024-01-22,2024-01-28
CAMP_18,Social,15400,14541.81,195674,16401,1435,2024-01-29,2024-02-04
CAMP_18,Social,10460,8329.48,209680,6269,685,2024-02-05,2024-02-11
CAMP_18,Social,16365,13888.01,794769,53488,9022,2024-02-12,2024-02-18
CAMP_18,Google,12451,9044.63,364659,22186,959,2024-02-19,2024-02-25
CAMP_18,Social,19170,16378.44,101206,9889,956,2024-02-26,2024-03-03
CAMP_18,Social,5888,4452.95,479353,41804,8177,2024-03-04,2024-03-10
CAMP_19,Email,12242,11360.54,313446,9750,1134,2024-01-01,2024-01-07
CAMP_19,Google,9719,8080.72,832168,64532,1999,2024-01-08,2024-01-14
CAMP_19,Google,15322,13524.14,350921,11379,1282,2024-01-15,2024-01-21
CAMP_19,Email,5224,4522.29,197736,8362,242,2024-01-22,2024-01-28
CAMP_19,Social,6924,6192.22,261450,17330,2945,2024-01-29,2024-02-04
CAMP_19,Social,13337,12158.32,535673,32621,3878,2024-02-05,2024-02-11
CAMP_19,Google,12483,10802.53,502219,13491,2465,2024-02-12,2024-02-18
CAMP_19,Email,17227,16603.35,173201,5526,859,2024-02-19,2024-02-25
CAMP_19,Social,17905,15260.81,960408,1336,154,2024-02-26,2024-03-03
CAMP_19,Email,9891,9408.74,708093,65178,2444,2024-03-04,2024-03-10
CAMP_20,Social,13824,11685.46,448588,37170,6259,2024-01-01,2024-01-07
CAMP_20,Email,11180,9353.23,437408,13363,988,2024-01-08,2024-01-14
CAMP_20,Email,11274,8681.75,913217,54841,725,2024-01-15,2024-01-21
CAMP_20,Social,17201,14481.4,950823,50968,6335,2024-01-22,2024-01-28
CAMP_20,Email,17982,17015.0,259493,17230,161,2024-01-29,2024-02-04
CAMP_20,Google,13229,13091.5,448121,7577,911,2024-02-05,2024-02-11
CAMP_20,Google,13617,13251.15,116093,3361,429,2024-02-12,2024-02-18
CAMP_20,Email,7529,5439.31,919488,35737,2783,2024-02-19,2024-02-25
CAMP_20,Email,16349,13393.84,184216,11766,2195,2024-02-26,2024-03-03
CAMP_20,Social,10188,9047.35,896290,64956,8874,2024-03-04,2024-03-10
CAMP_21,Google,15116,10891.47,761820,38667,1873,2024-01-01,2024-01-07
CAMP_21,Email,6480,5379.64,203225,4293,464,2024-01-08,2024-01-14
CAMP_21,Google,16370,12929.68,130353,1753,176,2024-01-15,2024-01-21
CAMP_21,Google,9806,7918.73,551607,10540,1010,2024-01-22,2024-01-28
CAMP_21,Email,11751,10220.77,931016,24600,1402,2024-01-29,2024-02-04
CAMP_21,Google,6293,5555.76,501126,41613,3955,2024-02-05,2024-02-11
CAMP_21,Social,19955,17459.57,343467,31221,5235,2024-02-12,2024-02-18
CAMP_21,Social,12529,9730.0,109853,8622,599,2024-02-19,2024-02-25
CAMP_21,Email,13955,10429.86,563187,23646,2460,2024-02-26,2024-03-03
CAMP_21,Email,11951,10840.68,579027,56397,4959,2024-03-04,2024-03-10
CAMP_22,Google,11302,10804.72,211834,8772,791,2024-01-01,2024-01-07
CAMP_22,Email,10881,9493.06,833247,39696,189,2024-01-08,2024-01-14
CAMP_22,Email,11484,8984.44,693419,7428,1251,2024-01-15,2024-01-21
CAMP_22,Email,13138,12479.15,400096,16081,2496,2024-01-22,2024-01-28
CAMP_22,Social,8588,7651.78,751051,33850,5562,2024-01-29,2024-02-04
CAMP_22,Email,17574,15777.14,979060,18927,2583,2024-02-05,2024-02-11
CAMP_22,Google,19801,17587.99,141337,6061,912,2024-02-12,2024-02-18
CAMP_22,Google,14495,11733.1,237795,3953,312,2024-02-19,2024-02-25
CAMP_22,Social,17246,14221.93,310548,5330,759,2024-02-26,2024-03-03
CAMP_22,Email,13221,12877.86,970813,22567,2115,2024-03-04,2024-03-10
CAMP_23,Social,18213,14361.72,455168,8547,969,2024-01-01,2024-01-07
CAMP_23,Google,7306,6767.15,336574,29185,5550,2024-01-08,2024-01-14
CAMP_23,Email,16049,15952.43,986827,74048,6002,2024-01-15,2024-01-21
CAMP_23,Google,17954,14693.06,377304,36164,1022,2024-01-22,2024-01-28
CAMP_23,Social,11038,9954.6,805000,35362,4798,2024-01-29,2024-02-04
CAMP_23,Social,18474,16470.77,489518,8100,1392,2024-02-05,2024-02-11
CAMP_23,Google,12724,9002.32,688678,43992,3636,2024-02-12,2024-02-18
CAMP_23,Email,6035,5374.9,586819,46945,4961,2024-02-19,2024-02-25
CAMP_23,Email,11689,8591.45,147549,1609,165,2024-02-26,2024-03-03
CAMP_23,Social,6902,5032.65,663658,9890,805,2024-03-04,2024-03-10
CAMP_24,Social,11078,9982.89,879238,71804,6876,2024-01-01,2024-01-07
CAMP_24,Email,17161,15753.45,535037,43920,1632,2024-01-08,2024-01-14
CAMP_24,Social,15086,12407.25,393328,3144,389,2024-01-15,2024-01-21
CAMP_24,Google,12264,10220.93,347582,24768,823,2024-01-22,2024-01-28
CAMP_24,Email,11018,9512.28,776149,48012,1002,2024-01-29,2024-02-04
CAMP_24,Social,9520,7206.09,228093,15900,385,2024-02-05,2024-02-11
CAMP_24,Email,8475,7564.03,726152,3799,61,2024-02-12,2024-02-18
CAMP_24,Social,8990,8959.85,925206,75000,3372,2024-02-19,2024-02-25
CAMP_24,Google,18595,17284.93,317220,20214,894,2024-02-26,2024-03-03
CAMP_24,Google,10383,9680.18,926952,79116,56,2024-03-04,2024-03-10
CAMP_25,Social,19064,18972.65,236306,18701,1036,2024-01-01,2024-01-07
CAMP_25,Google,6801,6109.46,127032,3159,25,2024-01-08,2024-01-14
CAMP_25,Social,17943,16804.15,717457,43437,268,2024-01-15,2024-01-21
CAMP_25,Google,9347,6689.83,877747,56176,8629,2024-01-22,2024-01-28
CAMP_25,Google,17216,12379.46,570050,51988,5941,2024-01-29,2024-02-04
CAMP_25,Email,14726,10789.98,628313,15519,2529,2024-02-05,2024-02-11
CAMP_25,Google,16915,15814.99,790909,69347,4951,2024-02-12,2024-02-18
CAMP_25,Social,15540,15372.29,163780,8847,1745,2024-02-19,2024-02-25
CAMP_25,Social,11984,10855.46,614084,47687,7277,2024-02-26,2024-03-03
CAMP_25,Google,19733,14291.37,737846,20442,279,2024-03-04,2024-03-10
CAMP_26,Google,9505,8433.74,713799,43622,6250,2024-01-01,2024-01-07
CAMP_26,Email,13692,10795.72,630108,40677,3534,2024-01-08,2024-01-14
CAMP_26,Google,17994,16384.15,994217,86814,7055,2024-01-15,2024-01-21
CAMP_26,Social,12398,11981.77,533914,23212,3725,2024-01-22,2024-01-28
CAMP_26,Social,11815,10856.61,427730,28968,2570,2024-01-29,2024-02-04
CAMP_26,Email,9176,7453.58,260053,23505,3895,2024-02-05,2024-02-11
CAMP_26,Google,6494,6166.26,197758,15151,405,2024-02-12,2024-02-18
CAMP_26,Email,17104,13884.93,236435,19231,255,2024-02-19,2024-02-25
CAMP_26,Email,14201,12333.64,802559,17021,1692,2024-02-26,2024-03-03
CAMP_26,Social,19313,17374.02,886730,56435,852,2024-03-04,2024-03-10
CAMP_27,Social,14837,11776.64,208633,19937,2088,2024-01-01,2024-01-07
CAMP_27,Google,7535,6759.05,335137,28763,896,2024-01-08,2024-01-14
CAMP_27,Social,18850,16340.68,220465,10128,1185,2024-01-15,2024-01-21
CAMP_27,Google,18225,15103.67,688215,4441,633,2024-01-22,2024-01-28
CAMP_27,Email,18589,16879.58,130359,3955,289,2024-01-29,2024-02-04
CAMP_27,Email,17491,13865.04,456331,24004,60,2024-02-05,2024-02-11
CAMP_27,Google,19251,14303.02,789275,53531,1150,2024-02-12,2024-02-18
CAMP_27,Google,17140,15253.77,132146,2503,392,2024-02-19,2024-02-25
CAMP_27,Email,8524,6928.8,575682,23340,1299,2024-02-26,2024-03-03
CAMP_27,Social,10105,9261.02,914571,75395,9778,2024-03-04,2024-03-10
CAMP_28,Google,19472,13937.72,265056,25721,5071,2024-01-01,2024-01-07
CAMP_28,Google,16042,11622.02,564637,44380,6957,2024-01-08,2024-01-14
CAMP_28,Social,14946,12444.24,386436,15127,2108,2024-01-15,2024-01-21
CAMP_28,Google,10655,8832.72,397005,32891,4326,2024-01-22,2024-01-28
CAMP_28,Email,10053,7174.07,514463,40277,458,2024-01-29,2024-02-04
CAMP_28,Google,8349,6599.27,321494,26144,1134,2024-02-05,2024-02-11
CAMP_28,Social,9742,7778.37,108105,9149,1539,2024-02-12,2024-02-18
CAMP_28,Social,7878,5819.92,658453,47115,3780,2024-02-19,2024-02-25
CAMP_28,Email,14154,13446.39,945362,47421,1190,2024-02-26,2024-03-03
CAMP_28,Social,19119,17639.43,557409,2228,245,2024-03-04,2024-03-10
CAMP_29,Google,19124,15182.89,550137,38578,3323,2024-01-01,2024-01-07
CAMP_29,Email,15488,12782.37,220768,14272,95,2024-01-08,2024-01-14
CAMP_29,Social,7815,7349.2,748151,61305,11308,2024-01-15,2024-01-21
CAMP_29,Social,6443,5354.22,211005,8972,902,2024-01-22,2024-01-28
CAMP_29,Email,11560,9909.1,514991,21334,2791,2024-01-29,2024-02-04
CAMP_29,Google,10456,9763.14,180089,17727,2603,2024-02-05,2024-02-11
CAMP_29,Google,13693,11679.93,913934,46793,5762,2024-02-12,2024-02-18
CAMP_29,Email,18417,16458.04,254864,8742,220,2024-02-19,2024-02-25
CAMP_29,Google,9193,6979.16,731661,21036,627,2024-02-26,2024-03-03
CAMP_29,Google,17662,15690.65,586490,50443,9246,2024-03-04,2024-03-10
CAMP_30,Email,12354,11172.22,691912,43363,5189,2024-01-01,2024-01-07
CAMP_30,Google,12205,8793.53,563688,42378,4971,2024-01-08,2024-01-14
CAMP_30,Social,14689,10529.83,631981,5862,645,2024-01-15,2024-01-21
CAMP_30,Social,12404,8822.74,486649,19813,324,2024-01-22,2024-01-28
CAMP_30,Email,19159,19028.92,194682,17615,1584,2024-01-29,2024-02-04
CAMP_30,Social,14508,12568.21,930281,6376,931,2024-02-05,2024-02-11
CAMP_30,Email,15679,11860.72,734394,63341,8224,2024-02-12,2024-02-18
CAMP_30,Google,6013,5021.8,950360,46015,1391,2024-02-19,2024-02-25
CAMP_30,Email,15586,11717.05,359778,29688,3609,2024-02-26,2024-03-03
CAMP_30,Email,13564,11976.22,481574,25435,2327,2024-03-04,2024-03-10
CAMP_31,Social,11697,10905.57,811875,79366,867,2024-01-01,2024-01-07
CAMP_31,Email,15605,12490.16,445705,7193,1152,2024-01-08,2024-01-14
CAMP_31,Email,11333,8899.17,858889,79997,14317,2024-01-15,2024-01-21
CAMP_31,Google,10461,7578.48,795847,19537,3764,2024-01-22,2024-01-28
CAMP_31,Social,10082,9984.29,832409,52374,2122,2024-01-29,2024-02-04
CAMP_31,Email,16613,16304.01,424620,37629,3095,2024-02-05,2024-02-11
CAMP_31,Email,17970,14349.82,234001,22958,4322,2024-02-12,2024-02-18
CAMP_31,Google,15584,14043.32,633188,24712,159,2024-02-19,2024-02-25
CAMP_31,Social,10060,7586.03,324597,12197,2001,2024-02-26,2024-03-03
CAMP_31,Google,8711,8710.94,262471,3528,312,2024-03-04,2024-03-10
CAMP_32,Google,13317,12401.62,975686,70013,628,2024-01-01,2024-01-07
CAMP_32,Email,10517,10127.01,748052,18176,2456,2024-01-08,2024-01-14
CAMP_32,Social,7527,5635.27,971728,91812,5434,2024-01-15,2024-01-21
CAMP_32,Email,12170,8678.52,481995,45326,3901,2024-01-22,2024-01-28
CAMP_32,Social,15003,11784.53,884897,59841,3843,2024-01-29,2024-02-04
CAMP_32,Email,8918,7070.55,947903,62474,3188,2024-02-05,2024-02-11
CAMP_32,Social,16113,15857.43,561999,31256,2318,2024-02-12,2024-02-18
CAMP_32,Social,13239,11362.21,269930,7543,1248,2024-02-19,2024-02-25
CAMP_32,Google,19303,14959.84,772324,63991,6091,2024-02-26,2024-03-03
CAMP_32,Email,6680,6101.65,640970,56782,2052,2024-03-04,2024-03-10
CAMP_33,Social,6374,5921.03,386042,30446,4215,2024-01-01,2024-01-07
CAMP_33,Google,18615,15473.57,332823,27761,3705,2024-01-08,2024-01-14
CAMP_33,Social,5436,4481.81,515712,33899,3073,2024-01-15,2024-01-21
CAMP_33,Google,11326,11307.4,493124,15715,125,2024-01-22,2024-01-28
CAMP_33,Social,6623,6303.46,781533,44947,2402,2024-01-29,2024-02-04
CAMP_33,Google,5627,4423.18,970068,62925,11414,2024-02-05,2024-02-11
CAMP_33,Google,17432,15892.07,570392,41327,96,2024-02-12,2024-02-18
CAMP_33,Google,5311,4125.46,975522,20597,3477,2024-02-19,2024-02-25
CAMP_33,Google,17716,13932.4,415779,8985,107,2024-02-26,2024-03-03
CAMP_33,Google,11878,10591.44,753064,60914,1039,2024-03-04,2024-03-10
CAMP_34,Google,18708,18175.65,725726,71261,279,2024-01-01,2024-01-07
CAMP_34,Email,13443,11729.21,853448,19818,1203,2024-01-08,2024-01-14
CAMP_34,Social,5025,4444.33,352249,28300,1544,2024-01-15,2024-01-21
CAMP_34,Email,15948,11573.21,478120,5435,1087,2024-01-22,2024-01-28
CAMP_34,Email,13312,12459.02,632280,37316,176,2024-01-29,2024-02-04
CAMP_34,Social,19308,16238.81,766549,51709,6126,2024-02-05,2024-02-11
CAMP_34,Social,17244,12154.82,926823,9855,716,2024-02-12,2024-02-18
CAMP_34,Google,17008,15258.41,208699,20067,3021,2024-02-19,2024-02-25
CAMP_34,Social,7185,5125.07,672536,45374,2878,2024-02-26,2024-03-03
CAMP_34,Email,12612,12539.43,601776,42401,2996,2024-03-04,2024-03-10
CAMP_35,Google,6033,5519.07,579911,3423,310,2024-01-01,2024-01-07
CAMP_35,Google,5717,5358.73,143941,6170,645,2024-01-08,2024-01-14
CAMP_35,Email,11524,11486.4,669408,63049,4160,2024-01-15,2024-01-21
CAMP_35,Google,17341,15504.07,400009,24394,401,2024-01-22,2024-01-28
CAMP_35,Email,10438,8162.15,938171,49237,7169,2024-01-29,2024-02-04
CAMP_35,Social,17178,14290.74,505426,23219,1540,2024-02-05,2024-02-11
CAMP_35,Social,16338,13875.16,936020,69062,4379,2024-02-12,2024-02-18
CAMP_35,Google,16912,13992.14,551524,40482,6746,2024-02-19,2024-02-25
CAMP_35,Google,13937,10984.17,207581,3623,345,2024-02-26,2024-03-03
CAMP_35,Email,9843,7795.15,731894,56851,2740,2024-03-04,2024-03-10
CAMP_36,Email,12272,9884.66,144412,12908,1454,2024-01-01,2024-01-07
CAMP_36,Email,12126,9486.98,929924,8518,163,2024-01-08,2024-01-14
CAMP_36,Email,15445,12693.68,638009,53500,2631,2024-01-15,2024-01-21
CAMP_36,Google,7339,7005.82,811027,58432,580,2024-01-22,2024-01-28
CAMP_36,Google,6101,4702.64,776502,49015,5943,2024-01-29,2024-02-04
CAMP_36,Social,14293,10143.97,260891,23251,3695,2024-02-05,2024-02-11
CAMP_36,Social,11095,9244.15,180620,5511,1094,2024-02-12,2024-02-18
CAMP_36,Social,11521,9151.31,392227,17358,474,2024-02-19,2024-02-25
CAMP_36,Google,17053,12888.9,642895,26361,4611,2024-02-26,2024-03-03
CAMP_36,Google,9288,8660.96,838237,59493,3525,2024-03-04,2024-03-10
CAMP_37,Email,9678,8789.5,615060,14118,512,2024-01-01,2024-01-07
CAMP_37,Google,18972,13701.87,281043,24375,3656,2024-01-08,2024-01-14
CAMP_37,Google,18279,16534.8,986593,42889,5702,2024-01-15,2024-01-21
CAMP_37,Email,6063,5244.49,404466,20657,1300,2024-01-22,2024-01-28
CAMP_37,Email,16625,16262.53,768676,23818,2971,2024-01-29,2024-02-04
CAMP_37,Email,8673,6386.87,310743,26954,1147,2024-02-05,2024-02-11
CAMP_37,Google,17949,15224.46,478427,37308,4698,2024-02-12,2024-02-18
CAMP_37,Social,12657,11911.48,678443,18009,2516,2024-02-19,2024-02-25
CAMP_37,Google,6077,4817.77,851759,63739,8622,2024-02-26,2024-03-03
CAMP_37,Social,17601,14482.63,702826,10666,523,2024-03-04,2024-03-10
CAMP_38,Social,15524,11212.2,588461,45571,8486,2024-01-01,2024-01-07
CAMP_38,Social,7102,6841.98,918164,73260,10492,2024-01-08,2024-01-14
CAMP_38,Email,7981,7425.0,235300,15176,2069,2024-01-15,2024-01-21
CAMP_38,Google,18621,13728.3,260448,10965,684,2024-01-22,2024-01-28
CAMP_38,Google,10286,10084.61,336422,12338,2135,2024-01-29,2024-02-04
CAMP_38,Social,18859,13647.47,305837,21809,2258,2024-02-05,2024-02-11
CAMP_38,Google,15240,12052.51,659392,7122,1039,2024-02-12,2024-02-18
CAMP_38,Email,7762,6811.49,708851,21210,1412,2024-02-19,2024-02-25
CAMP_38,Email,15231,13954.49,734534,45252,684,2024-02-26,2024-03-03
CAMP_38,Google,6330,4517.33,772612,76598,4346,2024-03-04,2024-03-10
CAMP_39,Email,8453,7862.03,536822,41508,506,2024-01-01,2024-01-07
CAMP_39,Social,19565,17376.64,403742,20798,3966,2024-01-08,2024-01-14
CAMP_39,Google,18184,17133.05,525818,20492,1867,2024-01-15,2024-01-21
CAMP_39,Google,16282,11690.05,560959,28238,3976,2024-01-22,2024-01-28
CAMP_39,Social,8342,6690.77,250647,11242,1317,2024-01-29,2024-02-04
CAMP_39,Email,19102,15350.58,518084,9569,1567,2024-02-05,2024-02-11
CAMP_39,Social,13437,11669.97,434617,16842,1920,2024-02-12,2024-02-18
CAMP_39,Google,9382,7832.83,247720,4172,61,2024-02-19,2024-02-25
CAMP_39,Social,11293,10832.8,538446,17270,664,2024-02-26,2024-03-03
CAMP_39,Social,14464,13253.92,299055,26005,1315,2024-03-04,2024-03-10
CAMP_40,Social,13433,11284.32,423528,33595,199,2024-01-01,2024-01-07
CAMP_40,Google,11442,9744.39,352422,15099,2399,2024-01-08,2024-01-14
CAMP_40,Social,5797,4145.79,618934,40158,7238,2024-01-15,2024-01-21
CAMP_40,Email,16018,13473.96,662761,1535,65,2024-01-22,2024-01-28
CAMP_40,Social,7194,6940.32,862847,48943,6616,2024-01-29,2024-02-04
CAMP_40,Social,5741,4708.62,697983,26513,2979,2024-02-05,2024-02-11
CAMP_40,Email,9728,7024.2,628750,30514,4514,2024-02-12,2024-02-18
CAMP_40,Social,18521,18460.38,813449,81090,1956,2024-02-19,2024-02-25
CAMP_40,Google,6584,5386.84,933510,45444,6000,2024-02-26,2024-03-03
CAMP_40,Google,8261,7275.78,520884,33773,339,2024-03-04,2024-03-10
CAMP_41,Google,5637,4177.64,449218,32047,4264,2024-01-01,2024-01-07
CAMP_41,Social,7440,6561.17,640546,10160,681,2024-01-08,2024-01-14
CAMP_41,Email,10218,7650.73,746447,40221,4873,2024-01-15,2024-01-21
CAMP_41,Social,13311,12625.31,658198,33102,5815,2024-01-22,2024-01-28
CAMP_41,Email,9911,8349.7,117445,7035,688,2024-01-29,2024-02-04
CAMP_41,Email,6795,6754.02,712056,41327,446,2024-02-05,2024-02-11
CAMP_41,Email,12775,9960.15,787436,76821,9473,2024-02-12,2024-02-18
CAMP_41,Google,16819,12032.42,603787,12174,2157,2024-02-19,2024-02-25
CAMP_41,Email,16815,14896.76,982027,50832,2431,2024-02-26,2024-03-03
CAMP_41,Email,8968,6362.54,834549,15404,791,2024-03-04,2024-03-10
CAMP_42,Google,12225,9707.97,258787,14531,2838,2024-01-01,2024-01-07
CAMP_42,Google,11723,18548.760508836807,741181,62814,12065,2024-01-08,2024-01-14
CAMP_42,Email,6020,5488.63,643878,14588,2307,2024-01-15,2024-01-21
CAMP_42,Social,15849,13368.81,495129,21562,1428,2024-01-22,2024-01-28
CAMP_42,Social,19944,17150.61,672808,47437,4341,2024-01-29,2024-02-04
CAMP_42,Email,12932,9798.31,358494,19284,2295,2024-02-05,2024-02-11
CAMP_42,Social,8684,8531.56,412071,19940,2897,2024-02-12,2024-02-18
CAMP_42,Google,16308,14864.68,432441,32444,2867,2024-02-19,2024-02-25
CAMP_42,Email,18031,16525.4,401769,8987,1184,2024-02-26,2024-03-03
CAMP_42,Email,13899,11312.51,513697,23618,1209,2024-03-04,2024-03-10
CAMP_43,Social,5689,4473.2,848831,11358,1428,2024-01-01,2024-01-07
CAMP_43,Social,15747,12234.37,602351,15023,837,2024-01-08,2024-01-14
CAMP_43,Email,9442,9252.28,829988,36601,1134,2024-01-15,2024-01-21
CAMP_43,Google,15087,13914.25,350905,16889,217,2024-01-22,2024-01-28
CAMP_43,Email,19830,17040.17,768933,31518,440,2024-01-29,2024-02-04
CAMP_43,Google,11771,9406.07,595351,7589,1405,2024-02-05,2024-02-11
CAMP_43,Google,5084,5029.88,265613,14333,2684,2024-02-12,2024-02-18
CAMP_43,Social,12822,11477.76,892630,38649,2641,2024-02-19,2024-02-25
CAMP_43,Social,15582,11183.96,906066,12725,2361,2024-02-26,2024-03-03
CAMP_43,Google,13767,12687.75,991638,5888,368,2024-03-04,2024-03-10
CAMP_44,Social,19454,18506.23,138105,7504,1024,2024-01-01,2024-01-07
CAMP_44,Google,17271,17074.79,403528,3455,19,2024-01-08,2024-01-14
CAMP_44,Social,14305,12600.34,451317,19649,1871,2024-01-15,2024-01-21
CAMP_44,Email,13901,11917.27,240718,17522,1927,2024-01-22,2024-01-28
CAMP_44,Social,8159,7691.03,446747,11649,1889,2024-01-29,2024-02-04
CAMP_44,Email,9215,8437.06,114768,6523,614,2024-02-05,2024-02-11
CAMP_44,Email,16049,14880.39,284019,21019,3331,2024-02-12,2024-02-18
CAMP_44,Social,13442,10731.8,520304,44860,1572,2024-02-19,2024-02-25
CAMP_44,Google,7303,6158.15,360096,1447,143,2024-02-26,2024-03-03
CAMP_44,Social,8858,7387.75,379963,22602,2483,2024-03-04,2024-03-10
CAMP_45,Email,16843,14684.79,374258,24563,1945,2024-01-01,2024-01-07
CAMP_45,Google,15941,11724.09,421709,11467,1670,2024-01-08,2024-01-14
CAMP_45,Email,13233,12927.74,837733,41760,1933,2024-01-15,2024-01-21
CAMP_45,Email,9833,7967.32,331577,8180,283,2024-01-22,2024-01-28
CAMP_45,Social,7509,6281.23,735163,49971,6823,2024-01-29,2024-02-04
CAMP_45,Email,13998,13631.8,894139,71453,13149,2024-02-05,2024-02-11
CAMP_45,Email,18526,14182.09,359486,6365,1086,2024-02-12,2024-02-18
CAMP_45,Social,13653,12439.66,181896,4676,73,2024-02-19,2024-02-25
CAMP_45,Email,19792,16855.78,700521,20641,1357,2024-02-26,2024-03-03
CAMP_45,Social,18999,16265.09,221886,7730,1478,2024-03-04,2024-03-10
CAMP_46,Email,13008,9460.49,635167,30195,465,2024-01-01,2024-01-07
CAMP_46,Social,7161,6115.31,578987,37956,482,2024-01-08,2024-01-14
CAMP_46,Email,12575,11340.52,423139,2426,212,2024-01-15,2024-01-21
CAMP_46,Social,18376,12879.82,328486,19950,309,2024-01-22,2024-01-28
CAMP_46,Google,11941,9592.91,166857,9866,133,2024-01-29,2024-02-04
CAMP_46,Google,12734,9035.03,528728,12795,564,2024-02-05,2024-02-11
CAMP_46,Email,16948,15147.52,540781,25540,3143,2024-02-12,2024-02-18
CAMP_46,Social,19247,18768.41,495833,25618,667,2024-02-19,2024-02-25
CAMP_46,Email,15842,15245.8,239449,22415,2858,2024-02-26,2024-03-03
CAMP_46,Google,7924,7907.0,512151,35658,1053,2024-03-04,2024-03-10
CAMP_47,Email,8648,8219.46,892911,3979,315,2024-01-01,2024-01-07
CAMP_47,Social,16034,14682.79,544730,35860,3117,2024-01-08,2024-01-14
CAMP_47,Google,9055,7589.79,262656,10032,396,2024-01-15,2024-01-21
CAMP_47,Email,17541,12872.52,948799,87533,13747,2024-01-22,2024-01-28
CAMP_47,Email,17551,17215.27,116405,4943,221,2024-01-29,2024-02-04
CAMP_47,Google,6653,5842.55,568127,40176,5515,2024-02-05,2024-02-11
CAMP_47,Email,19290,13784.69,876513,6798,833,2024-02-12,2024-02-18
CAMP_47,Social,8839,7618.58,891030,8398,296,2024-02-19,2024-02-25
CAMP_47,Email,9739,7501.45,867051,76511,5234,2024-02-26,2024-03-03
CAMP_47,Email,14796,13786.34,958136,43030,3891,2024-03-04,2024-03-10
CAMP_48,Social,19356,14381.08,792282,69321,3631,2024-01-01,2024-01-07
CAMP_48,Social,9923,7765.21,683761,23955,3509,2024-01-08,2024-01-14
CAMP_48,Email,13120,9368.54,461145,43160,6254,2024-01-15,2024-01-21
CAMP_48,Email,10222,9290.7,528090,10779,1238,2024-01-22,2024-01-28
CAMP_48,Social,8012,7421.71,596520,16792,933,2024-01-29,2024-02-04
CAMP_48,Social,19049,17377.89,944917,61689,954,2024-02-05,2024-02-11
CAMP_48,Email,11761,11647.34,684357,18575,1600,2024-02-12,2024-02-18
CAMP_48,Google,9177,6983.71,778120,11363,1852,2024-02-19,2024-02-25
CAMP_48,Social,6514,5606.54,969695,25966,432,2024-02-26,2024-03-03
CAMP_48,Social,11179,10084.59,732209,6183,159,2024-03-04,2024-03-10
CAMP_49,Google,18183,16883.08,859489,74249,3565,2024-01-01,2024-01-07
CAMP_49,Social,8422,8092.21,449138,20869,135,2024-01-08,2024-01-14
CAMP_49,Google,8113,8020.7,223014,16693,1003,2024-01-15,2024-01-21
CAMP_49,Email,14902,13577.67,515898,16684,2271,2024-01-22,2024-01-28
CAMP_49,Social,17706,13897.75,588899,35973,5324,2024-01-29,2024-02-04
CAMP_49,Social,10053,7825.94,637727,58855,8157,2024-02-05,2024-02-11
CAMP_49,Social,6615,6223.69,857505,62537,12488,2024-02-12,2024-02-18
CAMP_49,Social,19980,15203.55,428122,28127,384,2024-02-19,2024-02-25
CAMP_49,Email,19157,14681.58,253011,1531,143,2024-02-26,2024-03-03
CAMP_49,Email,14568,12728.69,537862,20345,634,2024-03-04,2024-03-10
CAMP_50,Google,10404,8000.73,697467,33208,4100,2024-01-01,2024-01-07
CAMP_50,Email,15725,15458.29,453961,17864,3136,2024-01-08,2024-01-14
CAMP_50,Social,16854,15042.34,614426,31200,1388,2024-01-15,2024-01-21
CAMP_50,Email,18024,14521.09,246757,24603,4487,2024-01-22,2024-01-28
CAMP_50,Social,8015,7815.18,668471,8698,1083,2024-01-29,2024-02-04
CAMP_50,Google,18747,17884.81,957730,88584,1599,2024-02-05,2024-02-11
CAMP_50,Google,11756,8714.11,761338,31334,566,2024-02-12,2024-02-18
CAMP_50,Email,7474,5252.3,630299,30885,3067,2024-02-19,2024-02-25
CAMP_50,Google,15122,13478.52,746467,64334,10811,2024-02-26,2024-03-03
CAMP_50,Social,5257,3690.33,678440,54914,204,2024-03-04,2024-03-10
CAMP_51,Google,13673,12533.46,661762,65060,4707,2024-01-01,2024-01-07
CAMP_51,Google,13228,12486.53,806774,57436,2947,2024-01-08,2024-01-14
CAMP_51,Google,6578,5639.42,352674,13578,2548,2024-01-15,2024-01-21
CAMP_51,Email,9135,8628.6,380310,27011,657,2024-01-22,2024-01-28
CAMP_51,Social,11652,9760.87,355021,15801,1238,2024-01-29,2024-02-04
CAMP_51,Email,18566,17718.65,785491,5152,105,2024-02-05,2024-02-11
CAMP_51,Social,11213,9117.86,599127,4677,662,2024-02-12,2024-02-18
CAMP_51,Google,16515,12409.62,624139,56399,7119,2024-02-19,2024-02-25
CAMP_51,Email,17851,14269.75,999636,13499,2173,2024-02-26,2024-03-03
CAMP_51,Google,8764,6690.66,825916,75289,7800,2024-03-04,2024-03-10
CAMP_52,Social,5762,5630.9,817675,37749,7377,2024-01-01,2024-01-07
CAMP_52,Email,14232,12772.26,288066,11305,74,2024-01-08,2024-01-14
CAMP_52,Google,14617,10864.19,960556,94416,13061,2024-01-15,2024-01-21
CAMP_52,Google,9903,13206.129611672579,352153,26503,4438,2024-01-22,2024-01-28
CAMP_52,Social,11288,10460.4,246748,23587,652,2024-01-29,2024-02-04
CAMP_52,Email,17213,17080.41,156304,2600,233,2024-02-05,2024-02-11
CAMP_52,Google,18740,13545.37,734565,52996,5357,2024-02-12,2024-02-18
CAMP_52,Google,15389,12034.17,572436,33152,1878,2024-02-19,2024-02-25
CAMP_52,Social,14060,13811.74,552825,13172,2409,2024-02-26,2024-03-03
CAMP_52,Email,11227,8147.53,748665,39715,6547,2024-03-04,2024-03-10
CAMP_53,Google,16683,12045.99,380989,11107,1566,2024-01-01,2024-01-07
CAMP_53,Email,17843,27792.59857373031,875584,52068,5198,2024-01-08,2024-01-14
CAMP_53,Social,6745,4906.69,423241,30146,2958,2024-01-15,2024-01-21
CAMP_53,Social,6674,4937.11,296494,15122,1848,2024-01-22,2024-01-28
CAMP_53,Email,14088,12027.38,208310,1860,55,2024-01-29,2024-02-04
CAMP_53,Social,14080,10249.1,727094,43523,6321,2024-02-05,2024-02-11
CAMP_53,Google,9781,8060.94,917018,12101,2301,2024-02-12,2024-02-18
CAMP_53,Google,14370,12305.48,818605,50903,2787,2024-02-19,2024-02-25
CAMP_53,Google,9405,7433.14,617077,10563,269,2024-02-26,2024-03-03
CAMP_53,Google,12121,9488.18,414313,32734,6421,2024-03-04,2024-03-10
CAMP_54,Google,10916,8465.47,358568,33492,4874,2024-01-01,2024-01-07
CAMP_54,Email,8203,6868.85,242071,10983,37,2024-01-08,2024-01-14
CAMP_54,Social,10443,9946.79,498343,22596,3616,2024-01-15,2024-01-21
CAMP_54,Social,12055,11387.67,782661,18842,1240,2024-01-22,2024-01-28
CAMP_54,Social,14883,14647.61,310608,16696,1296,2024-01-29,2024-02-04
CAMP_54,Google,11524,11415.88,405605,33178,4727,2024-02-05,2024-02-11
CAMP_54,Google,10339,8403.71,956156,52502,5990,2024-02-12,2024-02-18
CAMP_54,Google,14238,10820.03,672133,24583,4516,2024-02-19,2024-02-25
CAMP_54,Google,16914,14182.16,842776,28479,3601,2024-02-26,2024-03-03
CAMP_54,Social,18619,16903.27,958747,54627,8190,2024-03-04,2024-03-10
CAMP_55,Google,15376,12160.11,364955,11101,1743,2024-01-01,2024-01-07
CAMP_55,Social,6211,5184.45,726979,63814,9549,2024-01-08,2024-01-14
CAMP_55,Social,13755,11719.04,825309,55827,8917,2024-01-15,2024-01-21
CAMP_55,Google,17955,17784.94,835716,71373,9739,2024-01-22,2024-01-28
CAMP_55,Email,19981,14496.11,906306,33536,5397,2024-01-29,2024-02-04
CAMP_55,Email,10816,8110.94,742439,6806,1163,2024-02-05,2024-02-11
CAMP_55,Email,16099,14392.88,889245,44463,7062,2024-02-12,2024-02-18
CAMP_55,Google,5172,3773.4,332785,17733,3069,2024-02-19,2024-02-25
CAMP_55,Email,14142,12362.31,703178,29971,3661,2024-02-26,2024-03-03
CAMP_55,Social,11408,9570.39,812565,78147,11322,2024-03-04,2024-03-10
CAMP_56,Email,7469,6001.27,125755,8909,224,2024-01-01,2024-01-07
CAMP_56,Social,11815,11533.38,190025,4803,861,2024-01-08,2024-01-14
CAMP_56,Email,7321,5889.73,459731,30840,1704,2024-01-15,2024-01-21
CAMP_56,Email,12912,10387.58,202365,15357,2967,2024-01-22,2024-01-28
CAMP_56,Email,12412,9875.89,414849,3928,737,2024-01-29,2024-02-04
CAMP_56,Google,5370,5127.03,779445,15334,2783,2024-02-05,2024-02-11
CAMP_56,Google,17132,13246.01,282927,19084,665,2024-02-12,2024-02-18
CAMP_56,Social,14172,11733.15,584498,16194,1669,2024-02-19,2024-02-25
CAMP_56,Email,8022,6063.96,789237,57640,6491,2024-02-26,2024-03-03
CAMP_56,Google,17081,15103.57,306909,15731,2435,2024-03-04,2024-03-10
CAMP_57,Social,11370,7974.18,325230,7743,580,2024-01-01,2024-01-07
CAMP_57,Email,18250,17133.14,705393,14336,2209,2024-01-08,2024-01-14
CAMP_57,Google,10993,8770.17,579776,8468,547,2024-01-15,2024-01-21
CAMP_57,Email,19133,16202.69,770153,42078,6377,2024-01-22,2024-01-28
CAMP_57,Email,11431,10014.72,464825,24067,3760,2024-01-29,2024-02-04
CAMP_57,Email,7826,7388.69,840282,39986,7535,2024-02-05,2024-02-11
CAMP_57,Email,14669,10641.27,240454,11262,492,2024-02-12,2024-02-18
CAMP_57,Google,10003,7353.05,491439,46445,2326,2024-02-19,2024-02-25
CAMP_57,Email,11364,9380.66,244564,19835,1581,2024-02-26,2024-03-03
CAMP_57,Social,8043,6804.39,663483,46444,2848,2024-03-04,2024-03-10
CAMP_58,Email,7733,6549.02,247111,7130,654,2024-01-01,2024-01-07
CAMP_58,Social,15148,10847.23,476479,1628,258,2024-01-08,2024-01-14
CAMP_58,Google,8196,7741.65,688861,67248,10709,2024-01-15,2024-01-21
CAMP_58,Social,11703,10596.0,535820,47539,7282,2024-01-22,2024-01-28
CAMP_58,Social,7740,5609.96,132359,4613,309,2024-01-29,2024-02-04
CAMP_58,Google,9503,7293.11,402692,12023,1883,2024-02-05,2024-02-11
CAMP_58,Email,17165,15993.73,619373,37026,4194,2024-02-12,2024-02-18
CAMP_58,Google,14383,10560.89,912764,72186,13498,2024-02-19,2024-02-25
CAMP_58,Social,13880,13141.35,143631,13451,1817,2024-02-26,2024-03-03
CAMP_58,Email,8580,8553.68,207391,9111,619,2024-03-04,2024-03-10
CAMP_59,Google,12368,9632.75,956401,12401,1808,2024-01-01,2024-01-07
CAMP_59,Google,17707,16707.74,320073,27565,4826,2024-01-08,2024-01-14
CAMP_59,Email,10744,10296.13,739905,57120,2729,2024-01-15,2024-01-21
CAMP_59,Email,7281,6811.05,953047,28124,496,2024-01-22,2024-01-28
CAMP_59,Email,10747,9239.03,725850,71617,2768,2024-01-29,2024-02-04
CAMP_59,Social,16535,13026.11,700556,36041,7038,2024-02-05,2024-02-11
CAMP_59,Email,19748,17848.04,199850,5442,852,2024-02-12,2024-02-18
CAMP_59,Google,9543,9162.37,233051,5348,521,2024-02-19,2024-02-25
CAMP_59,Google,16655,13267.86,359579,26736,4019,2024-02-26,2024-03-03
CAMP_59,Google,14460,12865.36,758309,55293,6156,2024-03-04,2024-03-10
CAMP_60,Social,6237,5551.48,906233,13202,1660,2024-01-01,2024-01-07
CAMP_60,Email,17284,13541.46,486999,30798,4008,2024-01-08,2024-01-14
CAMP_60,Social,14534,10184.58,911739,13208,1887,2024-01-15,2024-01-21
CAMP_60,Email,15881,14438.79,991401,9300,1639,2024-01-22,2024-01-28
CAMP_60,Email,11516,8813.76,550513,14883,2036,2024-01-29,2024-02-04
CAMP_60,Social,10289,9759.15,454161,36868,4744,2024-02-05,2024-02-11
CAMP_60,Google,14275,13643.0,926596,46054,803,2024-02-12,2024-02-18
CAMP_60,Google,6631,5887.36,977345,61238,276,2024-02-19,2024-02-25
CAMP_60,Google,19051,14238.62,578693,1044,119,2024-02-26,2024-03-03
CAMP_60,Google,16281,15838.52,781571,40566,1312,2024-03-04,2024-03-10
CAMP_61,Social,6529,5852.44,362552,6401,771,2024-01-01,2024-01-07
CAMP_61,Email,19807,17720.8,154302,7493,1291,2024-01-08,2024-01-14
CAMP_61,Social,16894,15370.71,345517,29130,5379,2024-01-15,2024-01-21
CAMP_61,Google,16529,12042.29,323788,16624,329,2024-01-22,2024-01-28
CAMP_61,Google,14726,11307.47,813013,59335,162,2024-01-29,2024-02-04
CAMP_61,Google,16396,13167.17,226451,14838,2852,2024-02-05,2024-02-11
CAMP_61,Google,12826,9250.73,501677,6854,219,2024-02-12,2024-02-18
CAMP_61,Google,10133,8210.45,413791,9986,793,2024-02-19,2024-02-25
CAMP_61,Google,15511,15478.15,249792,3241,553,2024-02-26,2024-03-03
CAMP_61,Email,5138,4537.35,272088,15421,1448,2024-03-04,2024-03-10
CAMP_62,Email,8490,7542.72,258727,14490,2533,2024-01-01,2024-01-07
CAMP_62,Email,12248,11733.45,190898,4292,153,2024-01-08,2024-01-14
CAMP_62,Google,14659,13471.66,468611,29140,2586,2024-01-15,2024-01-21
CAMP_62,Google,9059,7094.02,188341,9131,1143,2024-01-22,2024-01-28
CAMP_62,Email,14830,13589.53,398761,2757,318,2024-01-29,2024-02-04
CAMP_62,Google,13482,11892.18,297810,25505,3219,2024-02-05,2024-02-11
CAMP_62,Social,15586,11165.35,932336,32370,4064,2024-02-12,2024-02-18
CAMP_62,Social,6847,5288.11,769077,10307,59,2024-02-19,2024-02-25
CAMP_62,Social,10185,7532.77,979727,75498,6905,2024-02-26,2024-03-03
CAMP_62,Social,13951,12624.02,899776,62736,1205,2024-03-04,2024-03-10
CAMP_63,Google,14623,10532.36,374921,15138,173,2024-01-01,2024-01-07
CAMP_63,Google,17931,14692.53,400404,33836,6294,2024-01-08,2024-01-14
CAMP_63,Social,11939,10870.98,186431,18582,2212,2024-01-15,2024-01-21
CAMP_63,Email,7501,5875.09,424960,6178,1057,2024-01-22,2024-01-28
CAMP_63,Google,18239,13617.48,442622,26606,4814,2024-01-29,2024-02-04
CAMP_63,Email,17504,16635.07,814138,9665,645,2024-02-05,2024-02-11
CAMP_63,Email,12167,18449.369100798,987586,32278,484,2024-02-12,2024-02-18
CAMP_63,Google,6412,6267.01,221620,15856,2517,2024-02-19,2024-02-25
CAMP_63,Email,5901,4678.24,877722,87252,5765,2024-02-26,2024-03-03
CAMP_63,Google,5207,4750.71,835575,2487,93,2024-03-04,2024-03-10
CAMP_64,Social,10680,9151.71,921021,34980,1377,2024-01-01,2024-01-07
CAMP_64,Social,7079,6547.6,381819,8736,1589,2024-01-08,2024-01-14
CAMP_64,Google,10488,9881.08,385192,35331,533,2024-01-15,2024-01-21
CAMP_64,Social,16670,16545.23,758015,11101,2042,2024-01-22,2024-01-28
CAMP_64,Social,13368,10801.84,623879,57319,9297,2024-01-29,2024-02-04
CAMP_64,Google,11024,8237.06,910894,14487,2360,2024-02-05,2024-02-11
CAMP_64,Email,16842,12372.13,876764,67692,52,2024-02-12,2024-02-18
CAMP_64,Google,19068,18283.9,356430,4013,493,2024-02-19,2024-02-25
CAMP_64,Social,11274,11004.19,287654,2158,293,2024-02-26,2024-03-03
CAMP_64,Email,17135,15365.14,335421,11544,1026,2024-03-04,2024-03-10
CAMP_65,Social,16801,13373.27,966120,11208,1537,2024-01-01,2024-01-07
CAMP_65,Google,13225,11928.92,155230,3938,238,2024-01-08,2024-01-14
CAMP_65,Email,5752,5672.76,172274,15368,1915,2024-01-15,2024-01-21
CAMP_65,Social,17673,16850.39,443199,6661,1142,2024-01-22,2024-01-28
CAMP_65,Social,5130,4158.77,405759,37949,6436,2024-01-29,2024-02-04
CAMP_65,Social,17117,15179.62,586462,25135,4857,2024-02-05,2024-02-11
CAMP_65,Social,17658,16470.78,868043,72638,12469,2024-02-12,2024-02-18
CAMP_65,Google,7466,5240.49,529954,2566,129,2024-02-19,2024-02-25
CAMP_65,Email,10675,9509.1,827146,2257,181,2024-02-26,2024-03-03
CAMP_65,Google,17434,15641.63,990247,97741,10086,2024-03-04,2024-03-10
CAMP_66,Google,8361,7181.63,349736,28513,4040,2024-01-01,2024-01-07
CAMP_66,Google,7332,6697.75,197545,2438,481,2024-01-08,2024-01-14
CAMP_66,Google,19701,18787.88,533121,46930,6112,2024-01-15,2024-01-21
CAMP_66,Social,17253,12516.55,200219,17561,556,2024-01-22,2024-01-28
CAMP_66,Email,18434,15084.64,720647,9163,900,2024-01-29,2024-02-04
CAMP_66,Email,7141,5505.94,373668,21644,3229,2024-02-05,2024-02-11
CAMP_66,Email,18629,17149.97,433507,30671,2237,2024-02-12,2024-02-18
CAMP_66,Google,6223,6117.62,242723,20159,456,2024-02-19,2024-02-25
CAMP_66,Google,6731,5043.62,588694,21580,3340,2024-02-26,2024-03-03
CAMP_66,Google,13780,11127.16,907756,28215,3712,2024-03-04,2024-03-10
CAMP_67,Social,12591,17259.20176341099,225738,3962,171,2024-01-01,2024-01-07
CAMP_67,Email,9984,9463.99,830729,80076,670,2024-01-08,2024-01-14
CAMP_67,Google,18695,17890.59,255528,3988,738,2024-01-15,2024-01-21
CAMP_67,Google,10828,8866.76,151328,12094,1234,2024-01-22,2024-01-28
CAMP_67,Social,18436,18384.43,132591,7625,936,2024-01-29,2024-02-04
CAMP_67,Email,17256,14927.07,199326,16140,427,2024-02-05,2024-02-11
CAMP_67,Google,6989,4917.37,970708,30135,1080,2024-02-12,2024-02-18
CAMP_67,Google,18495,15169.13,819622,12015,2395,2024-02-19,2024-02-25
CAMP_67,Email,9240,9011.11,178629,1714,43,2024-02-26,2024-03-03
CAMP_67,Google,19786,17684.65,948611,17880,386,2024-03-04,2024-03-10
CAMP_68,Social,7007,4994.65,583388,4318,182,2024-01-01,2024-01-07
CAMP_68,Email,12096,11448.93,514186,33514,251,2024-01-08,2024-01-14
CAMP_68,Social,16193,13407.79,471136,15071,776,2024-01-15,2024-01-21
CAMP_68,Social,9585,7992.01,255851,2135,324,2024-01-22,2024-01-28
CAMP_68,Email,15108,11689.59,409440,33695,3385,2024-01-29,2024-02-04
CAMP_68,Email,12848,9228.64,393366,26101,1134,2024-02-05,2024-02-11
CAMP_68,Social,8267,7380.74,935922,69919,4092,2024-02-12,2024-02-18
CAMP_68,Email,18142,15658.31,120478,7266,745,2024-02-19,2024-02-25
CAMP_68,Social,13921,24620.202880215336,460745,38070,4125,2024-02-26,2024-03-03
CAMP_68,Social,11363,8875.99,127329,6224,1232,2024-03-04,2024-03-10
CAMP_69,Google,5480,5308.64,916356,37822,489,2024-01-01,2024-01-07
CAMP_69,Social,13674,11038.06,712356,31508,1317,2024-01-08,2024-01-14
CAMP_69,Google,9060,8127.36,379473,35975,6697,2024-01-15,2024-01-21
CAMP_69,Email,5916,5497.24,330069,19864,3477,2024-01-22,2024-01-28
CAMP_69,Social,10813,10602.81,986278,23768,1452,2024-01-29,2024-02-04
CAMP_69,Google,14707,11697.97,873959,48026,472,2024-02-05,2024-02-11
CAMP_69,Email,16477,13272.3,695225,19625,2316,2024-02-12,2024-02-18
CAMP_69,Google,18708,18640.69,616137,36528,2541,2024-02-19,2024-02-25
CAMP_69,Google,13035,9272.96,158896,4811,626,2024-02-26,2024-03-03
CAMP_69,Google,5326,4569.36,100716,6435,1267,2024-03-04,2024-03-10
CAMP_70,Google,18212,13461.34,851763,24260,2660,2024-01-01,2024-01-07
CAMP_70,Google,5359,3988.78,838927,19566,3181,2024-01-08,2024-01-14
CAMP_70,Google,18868,16186.64,482614,5753,775,2024-01-15,2024-01-21
CAMP_70,Email,15848,12974.42,205939,12028,1246,2024-01-22,2024-01-28
CAMP_70,Social,7235,7182.61,867926,58261,10483,2024-01-29,2024-02-04
CAMP_70,Social,15636,12433.51,841535,74659,11373,2024-02-05,2024-02-11
CAMP_70,Email,17894,14441.31,797860,78194,13354,2024-02-12,2024-02-18
CAMP_70,Google,11199,8870.13,821942,39602,1053,2024-02-19,2024-02-25
CAMP_70,Google,16941,11867.84,836109,76082,6425,2024-02-26,2024-03-03
CAMP_70,Email,5530,4173.07,433674,41067,3629,2024-03-04,2024-03-10
CAMP_71,Email,14265,10431.04,620287,10217,688,2024-01-01,2024-01-07
CAMP_71,Email,6274,4839.76,435039,12002,373,2024-01-08,2024-01-14
CAMP_71,Email,15977,14247.18,452058,30270,103,2024-01-15,2024-01-21
CAMP_71,Social,8435,6535.96,171087,6742,535,2024-01-22,2024-01-28
CAMP_71,Google,16803,11768.56,504684,29719,3447,2024-01-29,2024-02-04
CAMP_71,Google,19492,16065.42,497108,24018,4483,2024-02-05,2024-02-11
CAMP_71,Social,6661,6318.9,927043,76766,10675,2024-02-12,2024-02-18
CAMP_71,Email,8695,6510.79,177289,2094,160,2024-02-19,2024-02-25
CAMP_71,Google,10221,7955.4,209812,3431,360,2024-02-26,2024-03-03
CAMP_71,Google,19547,15884.62,867541,10830,391,2024-03-04,2024-03-10
CAMP_72,Social,14732,14666.93,606186,47170,517,2024-01-01,2024-01-07
CAMP_72,Social,15709,11773.88,555292,11295,229,2024-01-08,2024-01-14
CAMP_72,Google,10424,7939.6,299212,14411,2865,2024-01-15,2024-01-21
CAMP_72,Email,16829,16453.24,666362,35768,5421,2024-01-22,2024-01-28
CAMP_72,Social,9872,7613.92,152046,7437,1180,2024-01-29,2024-02-04
CAMP_72,Email,18760,15895.06,157152,6911,17,2024-02-05,2024-02-11
CAMP_72,Social,6435,5073.13,794178,63957,3281,2024-02-12,2024-02-18
CAMP_72,Google,5421,4131.27,769191,39248,681,2024-02-19,2024-02-25
CAMP_72,Social,18824,13829.1,923002,53096,7725,2024-02-26,2024-03-03
CAMP_72,Social,19661,17661.71,195563,18829,1597,2024-03-04,2024-03-10
CAMP_73,Google,11078,10697.45,487345,13227,1835,2024-01-01,2024-01-07
CAMP_73,Google,9313,7747.69,376195,15827,1110,2024-01-08,2024-01-14
CAMP_73,Email,6009,4478.74,830302,13675,361,2024-01-15,2024-01-21
CAMP_73,Email,10632,10020.17,534096,50575,9672,2024-01-22,2024-01-28
CAMP_73,Google,14070,10106.41,505910,35247,3439,2024-01-29,2024-02-04
CAMP_73,Email,16256,15606.87,597889,38533,7232,2024-02-05,2024-02-11
CAMP_73,Google,12803,10109.96,513982,47812,578,2024-02-12,2024-02-18
CAMP_73,Email,14358,13929.22,939333,75905,11110,2024-02-19,2024-02-25
CAMP_73,Email,7415,5458.07,893969,59856,2842,2024-02-26,2024-03-03
CAMP_73,Google,8471,7984.24,232315,2398,226,2024-03-04,2024-03-10
CAMP_74,Google,16192,13449.37,962520,83211,4855,2024-01-01,2024-01-07
CAMP_74,Email,9225,7342.41,862422,9783,188,2024-01-08,2024-01-14
CAMP_74,Social,14115,11563.1,441968,19101,2138,2024-01-15,2024-01-21
CAMP_74,Social,19310,13588.62,834435,82665,13759,2024-01-22,2024-01-28
CAMP_74,Google,11790,8782.28,694116,14133,442,2024-01-29,2024-02-04
CAMP_74,Email,17772,12978.84,399990,36103,7220,2024-02-05,2024-02-11
CAMP_74,Social,19383,15957.38,501650,43912,7965,2024-02-12,2024-02-18
CAMP_74,Email,14977,25190.71840416364,280564,10024,835,2024-02-19,2024-02-25
CAMP_74,Google,15129,13352.8,827356,53654,645,2024-02-26,2024-03-03
CAMP_74,Social,19574,18863.22,824056,32139,413,2024-03-04,2024-03-10
CAMP_75,Email,12785,24022.81065721763,490532,2325,182,2024-01-01,2024-01-07
CAMP_75,Social,10094,7914.75,615500,57245,11416,2024-01-08,2024-01-14
CAMP_75,Email,6609,6554.47,339030,9807,625,2024-01-15,2024-01-21
CAMP_75,Email,12259,11427.95,436454,18656,2995,2024-01-22,2024-01-28
CAMP_75,Social,14911,13325.46,297064,15474,875,2024-01-29,2024-02-04
CAMP_75,Social,17139,14488.25,641590,57832,6136,2024-02-05,2024-02-11
CAMP_75,Google,13442,12601.16,168804,6097,1047,2024-02-12,2024-02-18
CAMP_75,Social,7222,6746.47,649753,58627,9327,2024-02-19,2024-02-25
CAMP_75,Google,7846,5945.93,973390,27309,482,2024-02-26,2024-03-03
CAMP_75,Google,5541,4637.45,477880,47178,3272,2024-03-04,2024-03-10
CAMP_76,Social,11035,10450.72,629663,27014,5215,2024-01-01,2024-01-07
CAMP_76,Google,16160,11460.17,490559,33033,4876,2024-01-08,2024-01-14
CAMP_76,Social,7909,7815.33,597635,39461,4526,2024-01-15,2024-01-21
CAMP_76,Social,10640,7969.94,371224,6923,593,2024-01-22,2024-01-28
CAMP_76,Google,11333,8101.91,995296,76007,12786,2024-01-29,2024-02-04
CAMP_76,Google,19042,14593.89,336047,23206,1703,2024-02-05,2024-02-11
CAMP_76,Social,15675,12898.21,121026,1145,131,2024-02-12,2024-02-18
CAMP_76,Google,15606,11735.09,939767,2109,124,2024-02-19,2024-02-25
CAMP_76,Social,14967,14091.81,420297,19047,1745,2024-02-26,2024-03-03
CAMP_76,Social,18952,15249.02,364239,15300,1921,2024-03-04,2024-03-10
CAMP_77,Social,16095,13780.4,753898,53055,9586,2024-01-01,2024-01-07
CAMP_77,Google,5120,4369.69,794530,50051,9208,2024-01-08,2024-01-14
CAMP_77,Email,14728,13000.63,412974,8084,996,2024-01-15,2024-01-21
CAMP_77,Google,10509,10472.31,771712,43616,4546,2024-01-22,2024-01-28
CAMP_77,Social,15749,14384.0,783112,40163,1553,2024-01-29,2024-02-04
CAMP_77,Google,13475,12526.93,159532,14196,2467,2024-02-05,2024-02-11
CAMP_77,Social,15822,12592.35,246726,24635,218,2024-02-12,2024-02-18
CAMP_77,Email,13148,13138.02,372028,28431,3324,2024-02-19,2024-02-25
CAMP_77,Social,17070,12129.87,842464,75978,13379,2024-02-26,2024-03-03
CAMP_77,Google,10622,9750.62,333164,23489,4389,2024-03-04,2024-03-10
CAMP_78,Email,17859,15050.15,804505,47988,8321,2024-01-01,2024-01-07
CAMP_78,Social,18851,14157.03,789558,74170,2977,2024-01-08,2024-01-14
CAMP_78,Social,6599,5551.3,876909,34902,5950,2024-01-15,2024-01-21
CAMP_78,Email,17499,17040.31,812730,44992,1473,2024-01-22,2024-01-28
CAMP_78,Google,10820,8298.92,422002,28556,2724,2024-01-29,2024-02-04
CAMP_78,Social,9269,8116.6,586288,56785,1939,2024-02-05,2024-02-11
CAMP_78,Social,5879,5643.36,711922,10334,1944,2024-02-12,2024-02-18
CAMP_78,Google,13199,9713.74,813763,51026,8690,2024-02-19,2024-02-25
CAMP_78,Social,11768,8428.46,995735,20762,1135,2024-02-26,2024-03-03
CAMP_78,Google,10614,8732.75,697062,60974,2356,2024-03-04,2024-03-10
CAMP_79,Social,19129,17497.31,916779,11592,2007,2024-01-01,2024-01-07
CAMP_79,Social,15338,15276.53,428638,42582,960,2024-01-08,2024-01-14
CAMP_79,Google,12406,9702.22,898169,23099,1307,2024-01-15,2024-01-21
CAMP_79,Social,17864,16596.92,192318,5240,898,2024-01-22,2024-01-28
CAMP_79,Email,12035,9880.95,600590,26121,48,2024-01-29,2024-02-04
CAMP_79,Google,13745,10443.78,491225,1922,174,2024-02-05,2024-02-11
CAMP_79,Email,8122,5729.05,104324,5076,241,2024-02-12,2024-02-18
CAMP_79,Email,19368,15558.41,235193,4365,402,2024-02-19,2024-02-25
CAMP_79,Email,14644,11595.62,168458,14497,197,2024-02-26,2024-03-03
CAMP_79,Social,9764,8170.3,645561,40083,4303,2024-03-04,2024-03-10
CAMP_80,Social,12105,11698.18,240288,12230,2017,2024-01-01,2024-01-07
CAMP_80,Social,17289,13079.61,951452,53873,323,2024-01-08,2024-01-14
CAMP_80,Google,8675,7964.96,237579,7920,1513,2024-01-15,2024-01-21
CAMP_80,Google,14661,12482.23,229144,13012,163,2024-01-22,2024-01-28
CAMP_80,Social,19361,17271.88,908713,71088,10219,2024-01-29,2024-02-04
CAMP_80,Google,14730,14706.49,794125,15170,2687,2024-02-05,2024-02-11
CAMP_80,Google,5790,5251.1,537020,30118,3125,2024-02-12,2024-02-18
CAMP_80,Google,13966,10835.12,835962,21070,1693,2024-02-19,2024-02-25
CAMP_80,Email,16235,14434.43,415743,28582,5430,2024-02-26,2024-03-03
CAMP_80,Google,15854,13572.49,753050,18978,1725,2024-03-04,2024-03-10
CAMP_81,Google,13381,12252.04,223453,10263,243,2024-01-01,2024-01-07
CAMP_81,Google,13154,9991.7,309452,26492,2164,2024-01-08,2024-01-14
CAMP_81,Email,8304,6704.45,529660,20356,666,2024-01-15,2024-01-21
CAMP_81,Google,13980,11867.71,317782,23551,3947,2024-01-22,2024-01-28
CAMP_81,Social,8842,6196.66,804258,12665,462,2024-01-29,2024-02-04
CAMP_81,Email,15961,13538.62,194458,17767,317,2024-02-05,2024-02-11
CAMP_81,Email,16855,12310.68,368322,16149,1880,2024-02-12,2024-02-18
CAMP_81,Social,9327,7827.99,204657,6724,90,2024-02-19,2024-02-25
CAMP_81,Social,10901,10252.16,427897,28918,959,2024-02-26,2024-03-03
CAMP_81,Google,18946,17571.68,148118,1158,228,2024-03-04,2024-03-10
CAMP_82,Google,15868,14188.52,444625,24430,3595,2024-01-01,2024-01-07
CAMP_82,Email,9395,9052.48,197466,13210,1413,2024-01-08,2024-01-14
CAMP_82,Google,6865,5630.9,578715,18814,3433,2024-01-15,2024-01-21
CAMP_82,Social,16303,15572.65,938754,56278,10640,2024-01-22,2024-01-28
CAMP_82,Google,6852,5068.79,861697,8686,336,2024-01-29,2024-02-04
CAMP_82,Google,11816,11501.32,606121,53577,9331,2024-02-05,2024-02-11
CAMP_82,Email,12178,9186.82,498197,24501,246,2024-02-12,2024-02-18
CAMP_82,Email,19417,18476.46,237002,16829,2009,2024-02-19,2024-02-25
CAMP_82,Google,19542,16090.6,148205,2037,143,2024-02-26,2024-03-03
CAMP_82,Email,10148,7141.23,810859,69788,12585,2024-03-04,2024-03-10
CAMP_83,Email,14447,13249.81,334865,33043,5497,2024-01-01,2024-01-07
CAMP_83,Social,13504,11572.0,834611,82033,3130,2024-01-08,2024-01-14
CAMP_83,Social,15841,14541.97,605339,23659,3162,2024-01-15,2024-01-21
CAMP_83,Google,18746,17769.92,742686,8152,33,2024-01-22,2024-01-28
CAMP_83,Email,7571,6448.0,592085,56828,8133,2024-01-29,2024-02-04
CAMP_83,Google,6226,5761.72,436208,16787,1365,2024-02-05,2024-02-11
CAMP_83,Social,5824,4962.51,677236,50628,6617,2024-02-12,2024-02-18
CAMP_83,Google,6291,5270.15,940183,76108,7351,2024-02-19,2024-02-25
CAMP_83,Google,19034,16170.08,431414,8779,1028,2024-02-26,2024-03-03
CAMP_83,Email,15704,11076.51,523037,28023,303,2024-03-04,2024-03-10
CAMP_84,Email,13996,9797.91,195310,10981,2092,2024-01-01,2024-01-07
CAMP_84,Email,8389,7519.72,578368,23338,2986,2024-01-08,2024-01-14
CAMP_84,Google,18378,14093.64,576535,22756,3885,2024-01-15,2024-01-21
CAMP_84,Email,15767,12755.32,574514,8472,209,2024-01-22,2024-01-28
CAMP_84,Email,8633,6048.79,472390,42527,4793,2024-01-29,2024-02-04
CAMP_84,Email,13552,11006.49,211486,2500,469,2024-02-05,2024-02-11
CAMP_84,Google,13067,9697.47,851678,54636,1762,2024-02-12,2024-02-18
CAMP_84,Social,15008,11387.72,226611,13874,893,2024-02-19,2024-02-25
CAMP_84,Social,18509,17295.29,851606,45293,1775,2024-02-26,2024-03-03
CAMP_84,Social,5761,5634.19,978146,89098,4047,2024-03-04,2024-03-10
CAMP_85,Social,12493,11212.93,628689,9823,1031,2024-01-01,2024-01-07
CAMP_85,Google,13689,12605.71,680099,57729,9596,2024-01-08,2024-01-14
CAMP_85,Social,13328,12452.68,285810,23669,1432,2024-01-15,2024-01-21
CAMP_85,Email,18356,13556.17,506224,44091,5283,2024-01-22,2024-01-28
CAMP_85,Email,19440,15851.35,738576,33537,2251,2024-01-29,2024-02-04
CAMP_85,Social,10617,10523.01,574843,53743,2195,2024-02-05,2024-02-11
CAMP_85,Google,11762,10359.47,884782,68147,4907,2024-02-12,2024-02-18
CAMP_85,Email,13975,13391.02,846454,73559,10374,2024-02-19,2024-02-25
CAMP_85,Google,8291,6325.32,849086,39086,5634,2024-02-26,2024-03-03
CAMP_85,Social,16016,11848.66,844904,24306,4137,2024-03-04,2024-03-10
CAMP_86,Email,16375,14591.16,844858,16126,3126,2024-01-01,2024-01-07
CAMP_86,Social,14212,11996.51,698357,55719,11056,2024-01-08,2024-01-14
CAMP_86,Email,19645,18710.23,399817,28681,114,2024-01-15,2024-01-21
CAMP_86,Email,6744,4771.93,252386,2738,67,2024-01-22,2024-01-28
CAMP_86,Google,9374,8671.47,268752,10391,1036,2024-01-29,2024-02-04
CAMP_86,Google,18752,13475.37,922458,39684,1681,2024-02-05,2024-02-11
CAMP_86,Email,5529,4465.25,574579,7716,1271,2024-02-12,2024-02-18
CAMP_86,Email,17115,14865.5,335203,25327,4607,2024-02-19,2024-02-25
CAMP_86,Social,8892,7587.34,935540,92242,9435,2024-02-26,2024-03-03
CAMP_86,Email,15887,20238.202365912806,500118,26398,3422,2024-03-04,2024-03-10
CAMP_87,Email,10122,10018.25,156415,1212,200,2024-01-01,2024-01-07
CAMP_87,Social,8327,7379.13,918859,59073,3705,2024-01-08,2024-01-14
CAMP_87,Email,16544,15102.42,485604,39560,4487,2024-01-15,2024-01-21
CAMP_87,Email,14885,11296.83,860127,26362,2419,2024-01-22,2024-01-28
CAMP_87,Social,7906,7866.75,178086,7126,365,2024-01-29,2024-02-04
CAMP_87,Email,13418,9873.05,142608,8020,581,2024-02-05,2024-02-11
CAMP_87,Email,9329,6894.32,712353,34425,56,2024-02-12,2024-02-18
CAMP_87,Social,12640,11539.14,262325,2308,88,2024-02-19,2024-02-25
CAMP_87,Social,14779,10570.78,755744,40472,4028,2024-02-26,2024-03-03
CAMP_87,Email,14013,11314.46,922116,42662,3613,2024-03-04,2024-03-10
CAMP_88,Google,13529,9747.01,629678,11444,1713,2024-01-01,2024-01-07
CAMP_88,Email,13798,11328.5,466375,15496,883,2024-01-08,2024-01-14
CAMP_88,Email,10437,8342.5,407835,15316,2542,2024-01-15,2024-01-21
CAMP_88,Email,12780,12767.08,963699,86105,298,2024-01-22,2024-01-28
CAMP_88,Google,15959,12827.88,352023,16979,173,2024-01-29,2024-02-04
CAMP_88,Email,19510,15535.44,934883,15860,1590,2024-02-05,2024-02-11
CAMP_88,Social,13851,12704.04,125905,9468,1693,2024-02-12,2024-02-18
CAMP_88,Social,13426,12631.79,567200,32903,369,2024-02-19,2024-02-25
CAMP_88,Social,19717,17655.75,435872,34678,684,2024-02-26,2024-03-03
CAMP_88,Google,7742,7676.1,910883,71513,8746,2024-03-04,2024-03-10
CAMP_89,Google,15271,10989.65,802897,28941,5624,2024-01-01,2024-01-07
CAMP_89,Social,18691,13666.45,663876,55312,7140,2024-01-08,2024-01-14
CAMP_89,Email,18381,18048.77,883171,21152,204,2024-01-15,2024-01-21
CAMP_89,Social,16745,13387.87,191772,3400,65,2024-01-22,2024-01-28
CAMP_89,Google,18012,13969.61,173863,8459,539,2024-01-29,2024-02-04
CAMP_89,Social,11357,9486.93,524094,29378,2601,2024-02-05,2024-02-11
CAMP_89,Google,11381,10265.54,660814,1386,42,2024-02-12,2024-02-18
CAMP_89,Email,14594,10415.08,989455,10514,1475,2024-02-19,2024-02-25
CAMP_89,Email,6738,5302.48,819195,40498,4978,2024-02-26,2024-03-03
CAMP_89,Google,9612,8935.14,558936,25996,3246,2024-03-04,2024-03-10
CAMP_90,Email,5504,4635.45,659381,15409,568,2024-01-01,2024-01-07
CAMP_90,Email,11406,10710.59,990731,72529,4842,2024-01-08,2024-01-14
CAMP_90,Email,7360,5810.11,933635,85926,12236,2024-01-15,2024-01-21
CAMP_90,Google,14068,13539.47,248241,5038,52,2024-01-22,2024-01-28
CAMP_90,Google,14383,12642.61,663244,36882,707,2024-01-29,2024-02-04
CAMP_90,Social,8441,7803.61,861200,46069,3479,2024-02-05,2024-02-11
CAMP_90,Social,19837,17729.9,637450,10335,669,2024-02-12,2024-02-18
CAMP_90,Google,8617,7626.61,365018,13735,479,2024-02-19,2024-02-25
CAMP_90,Google,15993,15031.79,993650,8128,1548,2024-02-26,2024-03-03
CAMP_90,Email,12557,11218.45,176697,10524,285,2024-03-04,2024-03-10
CAMP_91,Social,6608,5016.96,708798,64857,5430,2024-01-01,2024-01-07
CAMP_91,Social,7100,6399.86,345925,7556,593,2024-01-08,2024-01-14
CAMP_91,Email,6143,5958.93,433222,32841,3701,2024-01-15,2024-01-21
CAMP_91,Social,15098,13555.39,827143,77568,2506,2024-01-22,2024-01-28
CAMP_91,Email,14287,11563.16,431699,29069,1391,2024-01-29,2024-02-04
CAMP_91,Google,10131,7839.9,332286,24337,3582,2024-02-05,2024-02-11
CAMP_91,Social,18764,15158.42,812591,44458,7873,2024-02-12,2024-02-18
CAMP_91,Social,12296,9930.53,420310,32914,4529,2024-02-19,2024-02-25
CAMP_91,Google,7879,7041.19,185955,10195,1768,2024-02-26,2024-03-03
CAMP_91,Google,19603,16889.66,376021,6011,164,2024-03-04,2024-03-10
CAMP_92,Google,18919,16121.89,132709,10533,1669,2024-01-01,2024-01-07
CAMP_92,Email,8485,8246.5,678388,35159,4462,2024-01-08,2024-01-14
CAMP_92,Email,12734,11411.86,255852,12987,1617,2024-01-15,2024-01-21
CAMP_92,Google,19605,18264.87,868844,39141,1106,2024-01-22,2024-01-28
CAMP_92,Social,13210,11269.76,516059,24846,4123,2024-01-29,2024-02-04
CAMP_92,Google,15857,12236.28,945718,81482,11219,2024-02-05,2024-02-11
CAMP_92,Google,17406,14868.92,567896,11434,743,2024-02-12,2024-02-18
CAMP_92,Email,14270,12811.95,253300,25114,3970,2024-02-19,2024-02-25
CAMP_92,Social,5662,4335.09,611329,16187,267,2024-02-26,2024-03-03
CAMP_92,Social,11052,8512.31,801062,28102,4252,2024-03-04,2024-03-10
CAMP_93,Social,11358,9550.97,576728,4043,50,2024-01-01,2024-01-07
CAMP_93,Email,10309,7535.54,646699,42521,4490,2024-01-08,2024-01-14
CAMP_93,Email,9314,8136.61,697856,23786,3095,2024-01-15,2024-01-21
CAMP_93,Email,11201,9068.21,785073,11202,2126,2024-01-22,2024-01-28
CAMP_93,Social,11165,11073.47,333726,17920,1672,2024-01-29,2024-02-04
CAMP_93,Social,18389,17659.25,610511,52947,7908,2024-02-05,2024-02-11
CAMP_93,Email,5108,4344.61,245718,15414,688,2024-02-12,2024-02-18
CAMP_93,Google,6263,5350.87,394450,14861,625,2024-02-19,2024-02-25
CAMP_93,Google,7578,6128.08,852146,16509,2717,2024-02-26,2024-03-03
CAMP_93,Google,11793,11124.95,855242,15855,1982,2024-03-04,2024-03-10
CAMP_94,Email,12844,10836.56,719489,22134,3376,2024-01-01,2024-01-07
CAMP_94,Google,8992,6410.79,701344,22119,1113,2024-01-08,2024-01-14
CAMP_94,Email,13399,9536.84,700067,20249,239,2024-01-15,2024-01-21
CAMP_94,Google,9231,9016.23,641737,63799,6652,2024-01-22,2024-01-28
CAMP_94,Email,14234,12686.58,854500,38152,712,2024-01-29,2024-02-04
CAMP_94,Google,12359,10900.12,594312,57839,7901,2024-02-05,2024-02-11
CAMP_94,Google,8594,8156.64,730025,19705,3264,2024-02-12,2024-02-18
CAMP_94,Email,18442,17155.62,753484,67952,4343,2024-02-19,2024-02-25
CAMP_94,Google,16865,15274.25,575497,40094,4848,2024-02-26,2024-03-03
CAMP_94,Google,8765,7130.01,238635,4557,26,2024-03-04,2024-03-10
CAMP_95,Google,13564,12992.65,628859,45850,6887,2024-01-01,2024-01-07
CAMP_95,Google,14920,10875.03,598985,41288,649,2024-01-08,2024-01-14
CAMP_95,Email,13246,12262.02,197716,16802,2710,2024-01-15,2024-01-21
CAMP_95,Google,19778,17425.26,967719,1157,208,2024-01-22,2024-01-28
CAMP_95,Email,15637,12970.09,541119,25273,365,2024-01-29,2024-02-04
CAMP_95,Email,13680,11336.44,941272,64192,12603,2024-02-05,2024-02-11
CAMP_95,Social,10742,9417.67,877407,76513,1610,2024-02-12,2024-02-18
CAMP_95,Social,7193,5584.32,903061,31475,696,2024-02-19,2024-02-25
CAMP_95,Social,14802,14254.77,528497,17895,784,2024-02-26,2024-03-03
CAMP_95,Google,16618,15339.97,107459,10469,492,2024-03-04,2024-03-10
CAMP_96,Email,5117,4157.61,315397,23536,2597,2024-01-01,2024-01-07
CAMP_96,Social,10935,8004.15,546768,43701,4165,2024-01-08,2024-01-14
CAMP_96,Social,19007,16361.82,692099,48925,4524,2024-01-15,2024-01-21
CAMP_96,Email,11511,10664.84,533301,37182,6430,2024-01-22,2024-01-28
CAMP_96,Email,12904,9724.66,686252,64407,4167,2024-01-29,2024-02-04
CAMP_96,Social,14464,11619.03,839764,53183,2272,2024-02-05,2024-02-11
CAMP_96,Email,6951,6425.12,568288,52321,2660,2024-02-12,2024-02-18
CAMP_96,Google,8513,7257.36,924265,45359,9030,2024-02-19,2024-02-25
CAMP_96,Email,16420,14866.16,154581,3633,408,2024-02-26,2024-03-03
CAMP_96,Email,5086,4787.51,963245,20048,1941,2024-03-04,2024-03-10
CAMP_97,Email,12133,8813.92,375871,15533,1528,2024-01-01,2024-01-07
CAMP_97,Google,14978,10654.25,502995,27256,5039,2024-01-08,2024-01-14
CAMP_97,Email,13536,10638.49,726495,8531,1594,2024-01-15,2024-01-21
CAMP_97,Google,15490,13140.33,111230,4304,682,2024-01-22,2024-01-28
CAMP_97,Email,9685,7345.34,922041,79579,8374,2024-01-29,2024-02-04
CAMP_97,Email,16443,12652.91,277715,23086,305,2024-02-05,2024-02-11
CAMP_97,Social,8919,7995.93,265092,3845,292,2024-02-12,2024-02-18
CAMP_97,Social,10785,9716.19,525146,39409,1650,2024-02-19,2024-02-25
CAMP_97,Email,5251,4836.58,171950,16059,379,2024-02-26,2024-03-03
CAMP_97,Email,9661,8867.27,686273,46625,5703,2024-03-04,2024-03-10
CAMP_98,Social,8707,7678.78,303974,15901,1664,2024-01-01,2024-01-07
CAMP_98,Email,5076,3950.81,526911,34176,882,2024-01-08,2024-01-14
CAMP_98,Email,6185,5263.13,456480,8668,1654,2024-01-15,2024-01-21
CAMP_98,Email,9222,8879.25,952646,76352,4108,2024-01-22,2024-01-28
CAMP_98,Email,12254,12129.21,690525,64390,12625,2024-01-29,2024-02-04
CAMP_98,Google,17410,13961.05,913274,61142,11177,2024-02-05,2024-02-11
CAMP_98,Social,19688,17247.63,128679,8896,248,2024-02-12,2024-02-18
CAMP_98,Social,6106,4975.18,926965,29885,5555,2024-02-19,2024-02-25
CAMP_98,Email,8767,8241.4,532459,24140,4241,2024-02-26,2024-03-03
CAMP_98,Email,5159,4695.96,376142,17269,1186,2024-03-04,2024-03-10
CAMP_99,Google,11536,10406.73,960959,45825,1255,2024-01-01,2024-01-07
CAMP_99,Email,7924,6679.67,470711,15323,2359,2024-01-08,2024-01-14
CAMP_99,Social,7994,7867.18,816289,25925,4097,2024-01-15,2024-01-21
CAMP_99,Email,8271,6372.46,353814,18393,856,2024-01-22,2024-01-28
CAMP_99,Google,8322,7909.91,976960,82080,11676,2024-01-29,2024-02-04
CAMP_99,Google,17762,13001.9,182300,17143,2524,2024-02-05,2024-02-11
CAMP_99,Google,17521,16769.82,144316,8901,770,2024-02-12,2024-02-18
CAMP_99,Email,10167,8618.59,702427,37009,4030,2024-02-19,2024-02-25
CAMP_99,Google,17521,17079.51,393880,27075,1829,2024-02-26,2024-03-03
CAMP_99,Email,7101,5086.05,938095,56466,7846,2024-03-04,2024-03-10
CAMP_100,Email,5533,4707.16,512842,45979,2873,2024-01-01,2024-01-07
CAMP_100,Social,6972,6340.85,582418,21686,78,2024-01-08,2024-01-14
CAMP_100,Google,16044,12245.19,709231,14205,1342,2024-01-15,2024-01-21
CAMP_100,Social,15039,14415.67,296243,18975,1086,2024-01-22,2024-01-28
CAMP_100,Google,9413,7920.13,742865,45970,6005,2024-01-29,2024-02-04
CAMP_100,Google,13171,10894.83,539450,46921,6109,2024-02-05,2024-02-11
CAMP_100,Social,18997,15580.92,572623,12789,2350,2024-02-12,2024-02-18
CAMP_100,Google,14435,13075.27,953740,14090,1115,2024-02-19,2024-02-25
CAMP_100,Google,14098,11696.63,499385,13849,607,2024-02-26,2024-03-03
CAMP_100,Email,7450,6272.13,110215,3893,441,2024-03-04,2024-03-10
